country,ed1980,ed1985,ed1990,ed1995,ed2000,ed2005,ed2006,ed2007,ed2008,ed2011,ed2012,health1980,health1985,health1990,health1995,health2000,health2005,health2006,health2007,health2008,health2011,health2012,income1980,income1985,income1990,income1995,income2000,income2005,income2006,income2007,income2008,income2011,income2012,hdi1980,hdi1985,hdi1990,hdi1995,hdi2000,hdi2005,hdi2006,hdi2007,hdi2008,hdi2011,hdi2012
Afghanistan,0.089241743,0.092741265,0.127934353,0.142967058,0.152615058,0.269175619,0.289275211,0.296947353,0.304083592,0.337041676,0.337041676,0.303,0.328,0.352,0.376,0.399,0.42,0.424,0.429,0.434,0.452,0.459,0.34,0.364,0.332,0.254,0.217,0.297,0.318,0.327,0.306,0.337,0.34,0.209,0.234,0.246,0.238,0.236,0.322,0.339,0.346,0.343,0.371,0.374
Albania,0.601187228,0.617879474,0.658687354,0.649013609,0.693128391,0.720079266,0.7213202,0.722559002,0.723795684,0.72626273,0.72626273,0.783,0.81,0.814,0.818,0.854,0.883,0.886,0.889,0.891,0.898,0.9,,,0.541,0.515,0.576,0.61,0.618,0.625,0.633,0.644,0.644,,,0.661,0.651,0.698,0.729,0.733,0.737,0.741,0.748,0.749
Algeria,0.257776333,0.30805052,0.396435689,0.460220798,0.517696409,0.621809332,0.628411019,0.63494407,0.641410583,0.678557791,0.678557791,0.625,0.69,0.743,0.765,0.79,0.815,0.819,0.823,0.827,0.838,0.842,0.609,0.601,0.604,0.569,0.599,0.623,0.626,0.632,0.634,0.634,0.636,0.461,0.51,0.562,0.579,0.625,0.68,0.685,0.691,0.695,0.711,0.713
Andorra,,,,,,,,,,0.733784176,0.733784176,0.865,0.881,0.891,0.906,0.929,0.949,0.952,0.954,0.956,0.961,0.963,0.832,0.783,0.824,0.781,0.837,0.862,0.868,0.867,0.87,0.863,0.86,,,,,,,,,,0.847,0.846
Angola,,,,,0.29962161,0.29962161,0.30169335,0.413327789,0.416108834,0.46331756,0.46331756,0.318,0.328,0.334,0.348,0.398,0.451,0.458,0.465,0.471,0.49,0.497,,,0.474,0.395,0.444,0.496,0.518,0.548,0.556,0.566,0.572,,,,,0.375,0.406,0.415,0.472,0.477,0.504,0.508
Antigua and Barbuda,,,,,,,,,,0.72564152,0.72564152,0.739,0.756,0.771,0.786,0.804,0.817,0.819,0.822,0.824,0.83,0.832,0.632,0.632,0.721,0.687,0.744,0.765,0.782,0.765,0.765,0.727,0.728,,,,,,,,,,0.759,0.76
Argentina,0.58188333,0.646354587,0.674535372,0.696727369,0.747698848,0.774996708,0.784396455,0.788953438,0.798316739,0.814843778,0.814843778,0.779,0.798,0.813,0.831,0.848,0.865,0.868,0.871,0.874,0.882,0.884,0.68,0.624,0.63,0.651,0.68,0.687,0.699,0.71,0.718,0.741,0.743,0.675,0.687,0.701,0.726,0.755,0.771,0.78,0.787,0.794,0.81,0.811
Armenia,,,0.665209166,0.676895614,0.725885417,0.727324342,0.74356724,0.760674593,0.756184407,0.763487906,0.763487906,0.803,0.784,0.755,0.769,0.807,0.839,0.842,0.846,0.848,0.856,0.858,,,0.493,0.405,0.466,0.552,0.571,0.589,0.6,0.588,0.593,,,0.628,0.595,0.648,0.695,0.709,0.723,0.727,0.726,0.729
Australia,0.946704833,0.947113301,0.952732267,0.972755418,0.974029008,0.97706248,0.97789708,0.978730968,0.979564146,0.98122838,0.98122838,0.857,0.876,0.895,0.917,0.939,0.961,0.965,0.967,0.97,0.976,0.978,0.778,0.765,0.803,0.788,0.836,0.849,0.851,0.853,0.857,0.859,0.862,0.857,0.859,0.88,0.889,0.914,0.927,0.929,0.931,0.933,0.936,0.938
Austria,0.640339523,0.66870494,0.710536824,0.750820254,0.786237704,0.812315056,0.824060472,0.829386978,0.84142433,0.859020939,0.859020939,0.829,0.851,0.875,0.894,0.916,0.94,0.944,0.948,0.951,0.96,0.962,0.786,0.776,0.817,0.803,0.848,0.857,0.862,0.866,0.869,0.87,0.871,0.747,0.762,0.797,0.814,0.848,0.867,0.874,0.879,0.885,0.894,0.895
Azerbaijan,,,,,,,,,,0.760278764,0.760278764,0.709,0.72,0.708,0.704,0.739,0.773,0.78,0.786,0.791,0.8,0.802,,,,0.419,0.466,0.542,0.584,0.611,0.63,0.645,0.65,,,,,,,,,,0.732,0.734
Bahamas,,,,,,,,,,0.686963783,0.686963783,0.752,0.772,0.778,0.79,0.816,0.847,0.854,0.86,0.865,0.877,0.881,0.808,0.768,0.83,0.766,0.843,0.845,0.847,0.846,0.842,0.827,0.829,,,,,,,,,,0.792,0.794
Bahrain,0.435738384,0.552226476,0.594909544,0.663031081,0.702860897,0.730458828,0.733877013,0.73727935,0.740666059,0.747569809,0.747569809,0.783,0.81,0.825,0.836,0.847,0.857,0.858,0.86,0.862,0.868,0.87,0.784,0.767,0.74,0.768,0.803,0.828,0.821,0.815,0.801,0.776,0.776,0.644,0.7,0.713,0.75,0.781,0.802,0.802,0.802,0.799,0.795,0.796
Bangladesh,0.197521426,0.218522233,0.253195958,0.29760103,0.338661402,0.385206541,0.393474926,0.399855181,0.405111634,0.415425056,0.415425056,0.556,0.583,0.623,0.664,0.706,0.74,0.746,0.752,0.757,0.772,0.777,0.276,0.267,0.3,0.295,0.34,0.369,0.38,0.388,0.397,0.418,0.425,0.312,0.324,0.361,0.388,0.433,0.472,0.481,0.488,0.495,0.511,0.515
Barbados,0.584789921,0.656728276,0.681615664,0.702327579,0.739191648,0.759393054,0.76074053,0.789723326,0.791114745,0.823558915,0.823558915,0.822,0.845,0.862,0.87,0.876,0.883,0.884,0.886,0.889,0.896,0.899,0.735,0.707,0.749,0.712,0.763,0.759,0.755,0.755,0.754,0.76,0.761,0.706,,0.76,,0.79,0.798,0.797,0.808,0.809,0.824,0.825
Belarus,,,,,,0.770716186,0.791809818,0.814344072,0.831960661,0.86612031,0.86612031,0.801,0.806,0.8,0.77,0.759,0.771,0.774,0.778,0.782,0.794,0.798,,,0.615,0.537,0.599,0.657,0.671,0.683,0.698,0.716,0.723,,,,,,0.73,0.743,0.756,0.768,0.789,0.793
Belgium,0.675088947,0.700261232,0.75753871,0.859752656,0.896249625,0.871969368,0.876172642,0.879384264,0.882074561,0.889736222,0.889736222,0.84,0.864,0.884,0.898,0.912,0.931,0.935,0.939,0.942,0.947,0.947,0.787,0.77,0.815,0.802,0.847,0.853,0.857,0.86,0.861,0.859,0.858,0.764,0.777,0.817,0.854,0.884,0.884,0.888,0.891,0.894,0.897,0.897
Belize,0.586178078,0.598316286,0.615590884,0.633018768,0.618134343,0.654063869,0.656231974,0.65839294,0.660546836,0.664833694,0.664833694,0.791,0.813,0.828,0.838,0.844,0.86,0.865,0.869,0.874,0.884,0.888,0.517,0.49,0.549,0.547,0.584,0.595,0.597,0.59,0.591,0.587,0.587,0.621,0.62,0.653,0.662,0.672,0.694,0.696,0.696,0.698,0.701,0.702
Benin,0.113969421,0.164577324,0.193230008,0.220737843,0.283479485,0.347821483,0.351660991,0.355459028,0.35921691,0.366617136,0.366617136,0.4,0.424,0.453,0.489,0.515,0.535,0.539,0.544,0.55,0.569,0.576,0.358,0.357,0.353,0.346,0.378,0.383,0.382,0.385,0.391,0.393,0.394,0.253,0.293,0.314,0.35,0.38,0.414,0.416,0.42,0.425,0.434,0.436
Bhutan,,,,,,,,,,0.355822233,0.355822233,0.415,0.462,0.513,0.579,0.652,0.707,0.714,0.721,0.727,0.744,0.75,,0.324,0.424,0.448,0.484,0.504,0.533,0.539,0.532,0.572,0.585,,,,,,,,,,0.532,0.538
Bolivia (Plurinational State of),0.432834545,0.496492714,0.567553413,0.621792749,0.672786569,0.725857511,0.733585621,0.720783758,0.728144371,0.742646768,0.742646768,0.504,0.563,0.612,0.649,0.678,0.706,0.711,0.716,0.721,0.735,0.74,0.537,0.473,0.498,0.491,0.524,0.53,0.535,0.539,0.546,0.556,0.56,0.489,0.527,0.557,0.587,0.62,0.647,0.653,0.652,0.659,0.671,0.675
Bosnia and Herzegovina,,,,,,0.710495843,,0.704839348,0.706823082,0.70512088,0.70512088,0.796,0.812,0.737,0.755,0.86,0.865,0.867,0.869,0.871,0.878,0.88,,,,,0.595,0.619,0.626,0.636,0.644,0.641,0.641,,,,,,0.724,,0.729,0.734,0.734,0.735
Botswana,0.274316915,0.380710771,0.4666881,0.559403455,0.626805921,0.664346317,0.662778139,0.667824485,0.672832983,0.682739764,0.682739764,0.641,0.679,0.696,0.62,0.487,0.482,0.496,0.508,0.518,0.523,0.521,0.516,0.535,0.622,0.618,0.663,0.688,0.696,0.702,0.706,0.716,0.72,0.449,0.518,0.586,0.601,0.587,0.604,0.611,0.619,0.626,0.634,0.634
Brazil,0.336608356,0.399120479,0.450356545,0.523047238,0.592524174,0.645934041,0.651587412,0.657192153,0.662749497,0.673726677,0.673726677,0.67,0.7,0.73,0.762,0.791,0.813,0.818,0.822,0.828,0.844,0.849,0.634,0.603,0.627,0.62,0.641,0.652,0.656,0.664,0.67,0.681,0.682,0.522,0.575,0.59,0.634,0.669,0.699,0.704,0.71,0.716,0.728,0.73
Brunei Darussalam,0.564293038,0.590817263,0.619949895,0.680820969,0.709607741,0.744015274,0.751414261,0.751678292,0.751718669,0.756504217,0.756504217,0.798,0.821,0.844,0.865,0.886,0.902,0.904,0.906,0.909,0.915,0.917,0.999,0.922,0.919,0.891,0.913,0.913,0.916,0.914,0.908,0.904,0.904,0.765,0.76,0.782,0.807,0.83,0.848,0.853,0.853,0.852,0.854,0.855
Bulgaria,0.632704348,0.669710757,0.691281355,0.707971986,0.741046577,0.773020394,0.778217185,0.789965403,0.794433162,0.810224817,0.810224817,0.807,0.809,0.808,0.803,0.811,0.827,0.829,0.831,0.833,0.842,0.845,0.598,0.604,0.626,0.6,0.626,0.677,0.683,0.685,0.699,0.698,0.7,0.673,0.689,0.704,0.698,0.721,0.756,0.76,0.766,0.773,0.78,0.782
Burkina Faso,,,,,,0.156499872,0.161338201,0.168926435,0.1763307,0.195598723,0.195598723,0.416,0.442,0.45,0.459,0.478,0.513,0.521,0.529,0.537,0.559,0.566,0.266,0.283,0.28,0.289,0.317,0.341,0.347,0.348,0.352,0.36,0.367,,,,,,0.301,0.307,0.314,0.322,0.34,0.343
Burundi,0.090603733,0.135281466,0.171523297,0.185477439,0.199566721,0.256353616,0.290052426,0.311239017,0.328368526,0.367753841,0.367753841,0.426,0.446,0.415,0.389,0.412,0.439,0.445,0.452,0.458,0.48,0.487,0.266,0.214,0.283,0.192,0.24,0.235,0.239,0.24,0.242,0.248,0.25,0.217,0.235,0.272,0.24,0.27,0.298,0.313,0.323,0.331,0.352,0.355
Cambodia,0.379299177,0.38516614,0.39054038,0.397183072,0.435826867,0.50570573,0.511796206,0.515770846,0.518427883,0.519509069,0.519509069,0.295,0.514,0.561,0.572,0.594,0.633,0.642,0.65,0.658,0.68,0.687,,,,0.296,0.34,0.394,0.408,0.42,0.427,0.441,0.449,,,,0.407,0.444,0.501,0.511,0.52,0.526,0.538,0.543
Cameroon,0.254449512,0.300179924,0.346984917,0.379625559,0.3968019,0.460518989,0.460892318,0.464978124,0.504659473,0.534208586,0.534208586,0.492,0.519,0.525,0.505,0.475,0.464,0.467,0.471,0.476,0.499,0.507,0.416,0.469,0.442,0.392,0.421,0.437,0.44,0.444,0.444,0.447,0.45,0.373,0.418,0.431,0.419,0.429,0.453,0.455,0.459,0.474,0.492,0.495
Canada,0.811183897,0.828450466,0.875439132,0.895584392,0.883584584,0.911143018,0.91050806,0.909872658,0.909236813,0.907963786,0.907963786,0.868,0.889,0.904,0.917,0.932,0.949,0.951,0.954,0.956,0.962,0.964,0.799,0.787,0.821,0.801,0.85,0.862,0.866,0.868,0.867,0.865,0.866,0.825,0.834,0.865,0.87,0.887,0.906,0.908,0.909,0.909,0.91,0.911
Cape Verde,,,,,0.425773354,,,,,0.445308042,0.445308042,0.63,0.675,0.714,0.748,0.784,0.826,0.834,0.84,0.845,0.854,0.856,0.334,,0.394,0.415,0.452,0.478,0.489,0.502,0.509,0.525,0.529,,,,,0.532,,,,,0.584,0.586
Central African Republic,0.15189583,0.194548496,0.218438928,0.211336559,0.229138867,0.270321307,0.272833966,0.275323694,0.313006414,0.326148812,0.326148812,0.455,0.47,0.455,0.412,0.374,0.385,0.393,0.403,0.414,0.448,0.459,0.334,0.316,0.308,0.287,0.298,0.281,0.285,0.287,0.285,0.289,0.292,0.285,0.307,0.312,0.299,0.294,0.308,0.312,0.316,0.333,0.348,0.352
Chad,,,,,0.183990953,0.202882712,0.203399397,0.206167875,0.214661287,0.222745584,0.222745584,0.44,0.474,0.484,0.471,0.45,0.443,0.445,0.448,0.452,0.466,0.471,0.276,0.307,0.31,0.288,0.296,0.355,0.351,0.352,0.342,0.367,0.374,,,,,0.29,0.317,0.316,0.319,0.321,0.336,0.34
Chile,0.569057069,0.623438333,0.663642358,0.667080012,0.709380297,0.760687371,0.764541403,0.781556036,0.78980815,0.798176784,0.798176784,0.777,0.82,0.847,0.87,0.898,0.921,0.923,0.925,0.927,0.932,0.935,0.59,0.547,0.617,0.641,0.689,0.702,0.703,0.71,0.72,0.734,0.74,0.638,0.654,0.702,0.722,0.759,0.789,0.791,0.8,0.807,0.817,0.819
China,0.374029235,0.392045277,0.439067132,0.484869198,0.528875761,0.574523378,0.590014216,0.600529657,0.609966329,0.627044763,0.627044763,0.742,0.762,0.78,0.795,0.808,0.822,0.826,0.829,0.833,0.843,0.846,0.244,0.298,0.355,0.414,0.483,0.548,0.565,0.585,0.598,0.635,0.646,0.407,0.448,0.495,0.541,0.59,0.637,0.65,0.662,0.672,0.695,0.699
Colombia,0.410090228,0.434794784,0.473514855,0.527962089,0.576448657,0.61091429,0.624679481,0.636406046,0.647411269,0.665931759,0.665931759,0.717,0.751,0.762,0.78,0.805,0.825,0.829,0.833,0.837,0.847,0.85,0.585,0.561,0.599,0.602,0.616,0.628,0.635,0.643,0.645,0.655,0.659,0.556,0.568,0.6,0.628,0.658,0.681,0.69,0.698,0.704,0.717,0.719
Comoros,,,,,,0.359232854,0.359232854,0.359232854,0.359232854,0.359232854,0.359232854,0.504,0.537,0.562,0.579,0.598,0.615,0.619,0.624,0.629,0.648,0.654,0.369,0.366,0.367,0.347,0.347,0.347,0.345,0.342,0.339,0.337,0.338,,,,,,0.425,0.425,0.425,0.424,0.428,0.429
Republic of Congo,0.375502858,0.429962785,0.465482033,0.497435802,0.456051658,0.511631067,0.512220023,0.512808302,0.513395908,0.514569106,0.514569106,0.572,0.585,0.572,0.546,0.539,0.554,0.559,0.565,0.571,0.59,0.596,0.485,0.522,0.5,0.414,0.457,0.459,0.463,0.463,0.478,0.496,0.499,0.47,0.507,0.51,0.474,0.482,0.506,0.509,0.511,0.519,0.531,0.534
Democratic Republic of Congo,0.191687934,0.212502949,0.238939505,0.270133262,0.249648021,0.285532042,0.286465294,0.343391545,0.356648349,0.362162309,0.362162309,0.408,0.417,0.424,0.409,0.405,0.426,0.429,0.432,0.435,0.448,0.453,0.3,0.274,0.259,0.15,0.127,0.141,0.147,0.148,0.145,0.166,0.171,0.286,0.289,0.297,0.254,0.234,0.258,0.262,0.28,0.282,0.299,0.304
Costa Rica,0.478658517,0.505377931,0.54987151,0.583977334,0.605850028,0.646960284,0.650703986,0.654426273,0.658127507,0.712632481,0.712632481,0.828,0.861,0.879,0.896,0.912,0.924,0.926,0.928,0.93,0.936,0.937,0.607,0.566,0.605,0.61,0.637,0.659,0.67,0.68,0.682,0.687,0.692,0.621,0.626,0.663,0.684,0.705,0.732,0.738,0.744,0.747,0.77,0.773
Croatia,,,0.623452013,0.650482275,0.703852165,0.756912154,0.762598143,0.767948205,0.771951711,0.783865617,0.783865617,0.797,0.803,0.819,0.845,0.864,0.874,0.878,0.881,0.884,0.893,0.896,,,0.722,0.658,0.708,0.739,0.746,0.754,0.756,0.745,0.744,,,0.716,0.713,0.755,0.787,0.792,0.798,0.801,0.804,0.805
Cuba,0.592235187,0.637102689,0.680822895,0.678977571,0.723826923,0.800520363,0.836808424,0.867353528,0.883684298,0.857244343,0.857244343,0.844,0.856,0.859,0.871,0.889,0.91,0.915,0.92,0.924,0.933,0.935,0.493,0.532,0.54,0.466,0.512,0.547,0.564,0.574,0.58,0.589,0.593,0.626,0.665,0.681,0.646,0.69,0.735,0.755,0.77,0.779,0.777,0.78
Cyprus,0.606780109,0.664867794,0.691271922,0.716262233,0.730383076,0.734212624,0.743078522,0.754452745,0.770896697,0.802804814,0.802804814,0.864,0.879,0.892,0.904,0.915,0.924,0.927,0.929,0.932,0.94,0.943,0.7,0.707,0.77,0.756,0.791,0.805,0.808,0.809,0.814,0.814,0.808,0.715,0.718,0.779,0.788,0.808,0.817,0.822,0.827,0.835,0.849,0.848
Czech Republic,0.779866513,0.759997404,0.758484999,0.800328337,0.853459661,0.921873085,0.920155193,0.920700958,0.922553741,0.916442936,0.916442936,0.799,0.805,0.819,0.841,0.866,0.888,0.893,0.897,0.901,0.91,0.912,,,,0.723,0.759,0.785,0.793,0.797,0.804,0.799,0.797,,,,0.788,0.824,0.862,0.866,0.869,0.873,0.872,0.873
Cote d'lvoire,0.180591639,0.204323306,0.221508489,0.244968682,0.304981983,0.327199127,0.331290908,0.335332763,0.339326478,0.347176111,0.347176111,0.494,0.52,0.513,0.488,0.474,0.497,0.506,0.515,0.526,0.558,0.569,0.475,0.423,0.412,0.393,0.417,0.408,0.407,0.407,0.408,0.401,0.409,0.348,0.357,0.36,0.366,0.392,0.405,0.408,0.412,0.417,0.426,0.432
Denmark,0.732133262,0.767562494,0.773701503,0.816932681,0.871247666,0.913286966,0.911119066,0.915383455,0.915218036,0.919738188,0.919738188,0.857,0.86,0.866,0.876,0.892,0.911,0.914,0.917,0.92,0.928,0.93,0.787,0.78,0.814,0.806,0.847,0.859,0.864,0.865,0.863,0.858,0.858,0.79,0.802,0.816,0.833,0.869,0.893,0.895,0.898,0.898,0.901,0.901
Djibouti,,,,,,0.267208416,0.272675462,0.283801496,0.283801496,0.313331378,0.313331378,0.441,0.474,0.495,0.515,0.534,0.561,0.568,0.574,0.58,0.598,0.604,,,,0.442,0.427,0.443,0.45,0.453,0.457,0.463,0.466,,,,,,0.405,0.411,0.419,0.422,0.442,0.445
Dominica,,,,,0.665972826,0.665972826,0.666012498,0.666012498,0.657138626,0.657099483,0.657099483,0.798,0.842,0.877,0.888,0.891,0.898,0.899,0.901,0.902,0.907,0.908,0.545,0.532,0.626,0.582,0.636,0.656,0.67,0.675,0.688,0.693,0.694,,,,,0.722,0.732,0.737,0.739,0.741,0.744,0.745
Dominican Republic,0.404686664,0.462956543,0.500705892,0.53072903,0.55576669,0.605201251,0.609239666,0.613251488,0.617237235,0.625132497,0.625132497,0.677,0.711,0.751,0.781,0.802,0.821,0.824,0.827,0.831,0.842,0.846,0.531,0.504,0.532,0.535,0.593,0.605,0.618,0.629,0.636,0.653,0.656,0.525,0.549,0.584,0.608,0.641,0.669,0.676,0.683,0.688,0.7,0.702
Ecuador,0.530904961,0.572123882,0.582584649,0.590462774,0.592169318,0.605190214,0.607902034,0.61060181,0.672898091,0.678757929,0.678757929,0.677,0.727,0.771,0.808,0.842,0.863,0.865,0.868,0.87,0.877,0.88,0.591,0.558,0.571,0.571,0.575,0.609,0.614,0.615,0.626,0.633,0.637,0.596,0.614,0.635,0.659,0.659,0.682,0.686,0.688,0.715,0.722,0.724
Egypt,0.258743941,0.33468851,0.37629775,0.406371068,0.490279194,0.53572747,0.544440942,0.55301714,0.561462353,0.586691622,0.586691622,0.57,0.615,0.663,0.719,0.775,0.813,0.819,0.824,0.828,0.84,0.843,0.459,0.472,0.51,0.506,0.551,0.561,0.57,0.577,0.585,0.589,0.589,0.407,0.461,0.502,0.539,0.593,0.625,0.633,0.64,0.647,0.661,0.662
El Salvador,0.327446227,0.347454224,0.383367981,0.438419811,0.523527817,0.592391396,0.599064441,0.619739641,0.61342886,0.634348214,0.634348214,0.577,0.626,0.726,0.773,0.786,0.803,0.806,0.81,0.813,0.823,0.827,0.554,0.506,0.529,0.547,0.58,0.593,0.599,0.603,0.605,0.601,0.602,0.471,0.484,0.528,0.58,0.62,0.655,0.661,0.671,0.67,0.679,0.68
Equatorial Guinea,,,,,0.449926303,0.433402503,0.43356419,0.43356419,0.43356419,0.433402503,0.433402503,0.361,0.39,0.422,0.445,0.452,0.463,0.467,0.472,0.476,0.49,0.495,,,0.432,0.441,0.607,0.714,0.722,0.743,0.777,0.79,0.794,,,,,0.498,0.523,0.526,0.533,0.543,0.551,0.554
Eritrea,,,,,,,,,,0.264503941,0.264503941,0.377,0.392,0.445,0.512,0.57,0.612,0.62,0.628,0.635,0.656,0.663,,,,0.291,0.258,0.262,0.255,0.253,0.234,0.24,0.246,,,,,,,,,,0.346,0.351
Estonia,,,0.728168398,0.770853226,0.883218447,0.922506178,0.919025189,0.918072782,0.916086487,0.918703026,0.918703026,0.779,0.788,0.78,0.768,0.792,0.831,0.838,0.846,0.852,0.865,0.868,,,0.682,0.623,0.696,0.748,0.761,0.769,0.766,0.758,0.762,,,0.728,0.716,0.786,0.83,0.836,0.841,0.842,0.844,0.846
Ethiopia,,,,,0.170652759,0.209508235,0.228808995,0.249611,0.267634101,0.289300812,0.289300812,0.377,0.386,0.427,0.463,0.5,0.555,0.568,0.58,0.591,0.619,0.627,,0.232,0.249,0.232,0.243,0.272,0.285,0.298,0.309,0.336,0.342,,,,,0.275,0.316,0.333,0.35,0.365,0.392,0.396
Fiji,0.532944373,0.560425818,0.627394574,0.738726379,0.739699737,0.781060653,0.787365803,0.793620863,0.799827006,0.81209702,0.81209702,0.678,0.699,0.718,0.735,0.75,0.764,0.766,0.768,0.771,0.777,0.779,0.52,0.488,0.517,0.514,0.543,0.558,0.552,0.552,0.552,0.546,0.548,0.572,0.577,0.614,0.656,0.67,0.693,0.692,0.695,0.697,0.7,0.702
Finland,0.698897267,0.71597863,0.74061231,0.815164253,0.804667925,0.87738251,0.879229733,0.879975562,0.880269714,0.879888295,0.879888295,0.844,0.861,0.871,0.889,0.91,0.928,0.931,0.934,0.937,0.946,0.949,0.763,0.756,0.799,0.767,0.827,0.846,0.853,0.858,0.859,0.854,0.854,0.766,0.775,0.801,0.822,0.845,0.882,0.886,0.89,0.891,0.892,0.892
France,0.577419928,0.607677358,0.667135568,0.758685896,0.801740088,0.843816129,0.849720922,0.854685968,0.859781511,0.870503262,0.870503262,0.855,0.875,0.895,0.913,0.931,0.951,0.955,0.959,0.963,0.971,0.973,0.785,0.768,0.81,0.792,0.835,0.842,0.845,0.847,0.846,0.844,0.843,0.728,0.742,0.784,0.819,0.853,0.877,0.881,0.885,0.887,0.893,0.893
Gabon,0.357745282,0.421581768,0.483186142,0.533514619,0.56600807,0.630919432,0.636629226,0.642288264,0.647897875,0.658973855,0.658973855,0.55,0.616,0.652,0.649,0.626,0.631,0.638,0.645,0.653,0.674,0.68,0.743,0.721,0.723,0.696,0.697,0.701,0.695,0.703,0.703,0.706,0.713,0.526,0.574,0.61,0.621,0.627,0.653,0.655,0.662,0.667,0.679,0.683
Gambia,0.122729166,0.145522117,0.166008137,0.200193081,0.210463192,0.228753275,0.233005918,0.237182324,0.317793073,0.328337121,0.328337121,0.434,0.496,0.522,0.531,0.554,0.578,0.582,0.587,0.592,0.607,0.612,0.41,0.346,0.391,0.334,0.402,0.399,0.399,0.406,0.413,0.427,0.421,0.279,0.3,0.323,0.337,0.36,0.375,0.378,0.383,0.426,0.44,0.439
Georgia,,,,,,0.821577765,0.819696557,0.839938498,0.828885627,0.842189871,0.842189871,0.784,0.789,0.797,0.8,0.817,0.833,0.835,0.837,0.839,0.848,0.851,0.624,,0.608,0.4,0.481,0.531,0.545,0.559,0.561,0.569,0.578,,,,,,0.713,0.719,0.732,0.73,0.74,0.745
Germany,0.60805826,0.622580472,0.72166588,0.80719806,0.855594074,0.923920744,0.923709313,0.923497834,0.923286307,0.943540494,0.943540494,0.839,0.857,0.874,0.894,0.916,0.936,0.939,0.942,0.945,0.953,0.955,0.789,0.776,0.822,0.805,0.842,0.849,0.856,0.86,0.862,0.865,0.867,0.738,0.745,0.803,0.835,0.87,0.901,0.905,0.907,0.909,0.919,0.92
Ghana,0.339211433,0.384975418,0.418472656,0.444568739,0.471261284,0.50244646,0.519854913,0.54329394,0.564590745,0.595889456,0.595889456,0.522,0.545,0.581,0.599,0.606,0.647,0.658,0.667,0.676,0.698,0.703,0.338,0.299,0.322,0.318,0.345,0.366,0.351,0.358,0.37,0.409,0.417,0.391,0.394,0.427,0.436,0.461,0.491,0.493,0.506,0.52,0.553,0.558
Greece,0.584432773,0.641588227,0.670694662,0.689601334,0.734702441,0.848483185,0.856860615,0.846407954,0.849551061,0.855802646,0.855802646,0.859,0.884,0.9,0.909,0.923,0.935,0.937,0.938,0.94,0.945,0.947,0.763,0.735,0.764,0.745,0.785,0.809,0.815,0.818,0.817,0.795,0.786,0.726,0.747,0.772,0.776,0.81,0.862,0.868,0.865,0.866,0.862,0.86
Grenada,,,,,,,,,,0.775085265,0.775085265,0.712,0.729,0.774,0.817,0.845,0.866,0.869,0.872,0.875,0.883,0.885,,,0.605,0.556,0.656,0.674,0.671,0.677,0.679,0.668,0.668,,,,,,,,,,0.77,0.77
Guatemala,0.254502677,0.274189832,0.292081407,0.335345351,0.350816685,0.392104073,0.407366251,0.423857584,0.428913276,0.438849965,0.438849965,0.588,0.624,0.666,0.709,0.753,0.784,0.788,0.792,0.796,0.807,0.811,0.539,0.495,0.515,0.514,0.541,0.544,0.547,0.553,0.554,0.552,0.553,0.432,0.437,0.464,0.49,0.523,0.551,0.56,0.57,0.573,0.58,0.581
Guinea,,,,,,0.23091203,0.239278065,0.246204869,0.24914444,0.24914444,0.24914444,0.297,0.336,0.373,0.405,0.443,0.491,0.5,0.508,0.516,0.538,0.545,,,0.267,0.297,0.275,0.319,0.318,0.322,0.322,0.328,0.331,,,,,,0.331,0.336,0.342,0.345,0.352,0.355
Guinea-Bissau,,,,,,0.30054503,0.309229986,0.309229986,0.309229986,0.309229986,0.309229986,0.317,0.345,0.36,0.374,0.393,0.412,0.416,0.421,0.426,0.444,0.45,0.317,0.367,0.36,0.355,0.352,0.34,0.341,0.344,0.343,0.353,0.346,,,,,,0.348,0.352,0.355,0.356,0.364,0.364
Guyana,0.500085504,0.524950502,0.560267164,0.577933148,0.598312113,0.645490054,0.649469927,0.628495793,0.626975071,0.624751688,0.624751688,0.623,0.637,0.646,0.665,0.699,0.746,0.755,0.763,0.77,0.787,0.792,0.435,0.377,0.351,0.422,0.464,0.473,0.48,0.491,0.495,0.515,0.52,0.513,0.494,0.502,0.546,0.578,0.61,0.617,0.617,0.62,0.632,0.636
Haiti,0.180106425,0.25178275,0.290860561,0.321892284,0.353531873,0.383827336,,,,0.406574206,0.406574206,0.487,0.52,0.554,0.586,0.606,0.629,0.636,0.642,0.648,0.664,0.668,0.429,0.393,0.396,0.339,0.352,0.346,0.323,0.351,0.347,0.346,0.35,0.335,0.374,0.399,0.404,0.422,0.437,,,,0.453,0.456
Honduras,0.315036589,0.379323064,0.408785999,0.433107815,0.455262619,0.479540013,0.484612934,0.489633299,0.56378206,0.574943608,0.574943608,0.622,0.684,0.731,0.767,0.795,0.811,0.815,0.82,0.824,0.838,0.842,0.484,0.461,0.471,0.465,0.493,0.508,0.514,0.523,0.525,0.519,0.522,0.456,0.492,0.52,0.54,0.563,0.582,0.587,0.594,0.624,0.63,0.632
"Hong Kong, China (SAR)",0.574388475,0.637267001,0.673364941,0.680362558,0.681691011,0.75551399,0.763666912,0.784928678,0.817191092,0.830566143,0.830566143,0.866,0.888,0.907,0.927,0.946,0.963,0.966,0.971,0.975,0.99,0.994,0.727,0.733,0.803,0.81,0.842,0.868,0.879,0.888,0.894,0.902,0.904,0.712,0.745,0.788,0.81,0.815,0.857,0.865,0.877,0.892,0.904,0.906
Hungary,0.66007751,0.680295123,0.6572981,0.766567792,0.843773241,0.880169903,0.884674918,0.885955072,0.887924332,0.889919077,0.889919077,0.778,0.776,0.778,0.789,0.817,0.839,0.842,0.845,0.848,0.858,0.862,0.696,0.677,0.713,0.667,0.718,0.75,0.756,0.754,0.756,0.751,0.75,0.709,0.71,0.714,0.737,0.79,0.82,0.825,0.826,0.828,0.83,0.831
Iceland,0.644562528,0.684580891,0.727476211,0.787095551,0.840253396,0.888892873,0.893622134,0.898326498,0.903006354,0.912294049,0.912294049,0.893,0.902,0.917,0.926,0.942,0.962,0.964,0.966,0.968,0.975,0.977,0.792,0.774,0.814,0.785,0.837,0.859,0.859,0.865,0.836,0.835,0.838,0.769,0.782,0.815,0.83,0.871,0.901,0.904,0.908,0.9,0.905,0.906
India,0.229618557,0.274673313,0.31233663,0.344473041,0.363349175,0.418756806,0.426088743,0.436819493,0.449573814,0.458573332,0.458573332,0.557,0.584,0.605,0.628,0.656,0.683,0.689,0.694,0.7,0.717,0.722,0.321,0.336,0.366,0.383,0.418,0.456,0.467,0.479,0.482,0.51,0.515,0.345,0.38,0.41,0.437,0.463,0.507,0.515,0.525,0.533,0.551,0.554
Indonesia,0.338301947,0.379790463,0.380173405,0.431825728,0.466927435,0.512265499,0.522064099,0.543905944,0.549637073,0.576622637,0.576622637,0.593,0.631,0.664,0.694,0.721,0.743,0.748,0.753,0.759,0.779,0.785,0.376,0.392,0.436,0.475,0.469,0.5,0.507,0.515,0.523,0.544,0.55,0.422,0.46,0.479,0.527,0.54,0.575,0.582,0.595,0.601,0.624,0.629
Iran (Islamic Republic of),0.281595047,0.326789896,0.392763053,0.500824328,0.56065001,0.598748043,0.638718214,0.631959388,0.655186643,0.707010377,0.707010377,0.49,0.474,0.659,0.76,0.785,0.81,0.814,0.819,0.823,0.836,0.839,0.632,0.611,0.609,0.604,0.638,0.665,0.672,0.682,0.684,0.693,0.69,0.443,0.454,0.54,0.596,0.654,0.685,0.704,0.706,0.717,0.742,0.742
Iraq,0.262450339,0.302056074,0.352356538,0.410377543,0.428667352,0.485042604,0.487693756,0.490330575,0.492953289,0.498157294,0.498157294,0.576,0.587,0.749,0.809,0.802,0.764,0.757,0.754,0.754,0.774,0.782,,,,,,0.485,0.494,0.495,0.507,0.516,0.527,,,,,,0.564,0.567,0.567,0.573,0.583,0.59
Ireland,0.693897407,0.73039602,0.763784058,0.814847968,0.910457583,0.940508435,0.944226873,0.954742631,0.958866298,0.963710176,0.963710176,0.828,0.845,0.863,0.877,0.894,0.926,0.932,0.938,0.943,0.955,0.958,0.722,0.695,0.758,0.755,0.836,0.859,0.865,0.868,0.861,0.834,0.835,0.745,0.754,0.793,0.813,0.879,0.907,0.912,0.918,0.919,0.915,0.916
Israel,0.739414677,0.773598982,0.782405151,0.821520827,0.882896653,0.911670108,0.909160628,0.913064009,0.907758787,0.911730948,0.911730948,0.853,0.871,0.891,0.911,0.931,0.949,0.952,0.956,0.96,0.972,0.976,0.735,0.72,0.762,0.748,0.791,0.803,0.81,0.815,0.816,0.821,0.822,0.773,0.785,0.809,0.823,0.865,0.885,0.887,0.892,0.892,0.899,0.9
Italy,0.574980125,0.595681429,0.636401599,0.696090512,0.745526539,0.822028324,0.83152985,0.837719269,0.843232803,0.852329233,0.852329233,0.853,0.876,0.897,0.915,0.938,0.96,0.963,0.966,0.969,0.976,0.977,0.773,0.761,0.805,0.79,0.829,0.833,0.836,0.837,0.833,0.826,0.822,0.723,0.735,0.771,0.795,0.833,0.869,0.874,0.878,0.879,0.881,0.881
Jamaica,0.50857275,0.53499783,0.563472241,0.613843133,0.645320497,0.665658228,0.670103714,0.674519902,0.759091058,0.748486606,0.748486606,0.797,0.806,0.8,0.794,0.796,0.812,0.817,0.821,0.826,0.838,0.841,0.568,0.534,0.589,0.601,0.612,0.622,0.625,0.625,0.623,0.62,0.621,0.612,0.611,0.642,0.665,0.679,0.695,0.699,0.701,0.73,0.729,0.73
Japan,0.722676645,0.74277893,0.765531564,0.809438099,0.838951281,0.865082929,0.871602858,0.87513415,0.877974507,0.887720063,0.887720063,0.886,0.911,0.931,0.945,0.965,0.983,0.986,0.989,0.991,1,1.003,0.765,0.766,0.825,0.806,0.839,0.848,0.851,0.855,0.853,0.85,0.854,0.788,0.803,0.837,0.85,0.878,0.896,0.9,0.903,0.905,0.91,0.912
Jordan,0.40269224,0.461066427,0.515114564,0.580936141,0.634065719,0.689641514,0.69564557,0.697605565,0.704813405,0.697250618,0.697250618,0.741,0.772,0.795,0.81,0.821,0.83,0.832,0.834,0.836,0.842,0.844,0.544,0.532,0.508,0.504,0.53,0.56,0.569,0.579,0.584,0.584,0.585,0.545,0.577,0.592,0.623,0.65,0.684,0.69,0.695,0.7,0.699,0.7
Kazakhstan,0.559398523,0.598947742,0.65083366,0.682077916,0.736419465,0.818981379,0.826321662,0.828277012,0.830652797,0.839026731,0.839026731,0.709,0.739,0.737,0.693,0.686,0.712,0.717,0.721,0.726,0.742,0.747,,,,0.544,0.579,0.645,0.654,0.664,0.664,0.679,0.686,,,,0.636,0.663,0.721,0.728,0.734,0.736,0.75,0.754
Kenya,0.334299509,0.37371651,0.415651031,0.460685913,0.468804427,0.527055302,0.535470993,0.554610382,0.558624782,0.584285768,0.584285768,0.595,0.623,0.621,0.57,0.51,0.521,0.532,0.543,0.555,0.586,0.594,0.383,0.362,0.385,0.363,0.376,0.384,0.389,0.395,0.393,0.401,0.404,0.424,0.438,0.463,0.45,0.447,0.472,0.48,0.491,0.495,0.515,0.519
Kiribati,,,,,,,,,,0.64631067,0.64631067,0.566,0.606,0.642,0.672,0.704,0.731,0.736,0.741,0.746,0.759,0.763,0.496,0.481,0.517,0.487,0.537,0.526,0.526,0.519,0.52,0.505,0.506,,,,,,,,,,0.627,0.629
"Korea, Democratic People's Republic of",,,,,,,,,,,,0.754,0.781,0.801,0.735,0.715,0.764,0.766,0.766,0.766,0.77,0.773,,,,,,,,,,,,,,,,,,,,,,
Korea (Republic of),0.612075117,0.692613289,0.738456394,0.810139412,0.866653778,0.903261681,0.910365456,0.919566455,0.926985569,0.942113582,0.942113582,0.727,0.771,0.816,0.85,0.885,0.928,0.935,0.942,0.947,0.956,0.958,0.59,0.616,0.699,0.724,0.772,0.801,0.808,0.815,0.818,0.83,0.833,0.64,0.69,0.749,0.793,0.839,0.875,0.882,0.89,0.895,0.907,0.909
Kuwait,0.459785671,0.532446771,0.501247267,0.537436244,0.626479297,0.612887085,0.614282624,0.615675,0.617064234,0.619833361,0.619833361,0.792,0.813,0.828,0.837,0.844,0.851,0.852,0.854,0.855,0.861,0.863,0.923,0.833,0.874,0.892,0.902,0.926,0.931,0.931,0.928,0.92,0.925,0.695,0.715,0.712,0.737,0.781,0.784,0.786,0.787,0.787,0.788,0.79
Kyrgyzstan,,,0.651934044,0.632211703,0.692922524,0.716071472,0.720822057,0.720440772,0.72378248,0.72059895,0.72059895,0.68,0.711,0.73,0.726,0.729,0.734,0.735,0.737,0.74,0.753,0.758,,,0.477,0.353,0.392,0.415,0.42,0.432,0.439,0.443,0.443,,,0.609,0.545,0.582,0.601,0.606,0.612,0.616,0.621,0.622
Lao People's Democratic Republic,0.245317539,0.265703507,0.30416904,0.333349834,0.376574553,0.415267447,0.420410793,0.426806934,0.434982638,0.452583279,0.452583279,0.454,0.489,0.542,0.603,0.654,0.702,0.712,0.721,0.729,0.749,0.754,,,0.331,0.346,0.378,0.414,0.42,0.431,0.438,0.462,0.471,,,0.379,0.411,0.453,0.494,0.5,0.51,0.517,0.538,0.543
Latvia,0.611611194,0.64277961,0.650756562,0.676203183,0.769266276,0.849789098,0.85532588,0.861451463,0.871818636,0.867566428,0.867566428,0.775,0.787,0.772,0.767,0.799,0.817,0.82,0.824,0.828,0.841,0.846,0.652,,0.681,0.59,0.656,0.717,0.732,0.747,0.744,0.728,0.737,0.675,,0.699,0.673,0.738,0.792,0.8,0.808,0.812,0.809,0.814
Lebanon,,,,,,0.667327456,0.683705441,0.688967476,0.69167936,0.699112928,0.699112928,0.735,0.749,0.768,0.787,0.799,0.812,0.815,0.818,0.821,0.83,0.833,,,0.627,0.644,0.661,0.672,0.674,0.687,0.696,0.71,0.711,,,,,,0.714,0.721,0.728,0.734,0.744,0.745
Lesotho,0.367525632,0.411773219,0.430371942,0.442108431,0.459871134,0.484534853,0.489731766,0.485789627,0.490919077,0.501020456,0.501020456,0.533,0.574,0.623,0.585,0.437,0.384,0.39,0.401,0.412,0.445,0.453,0.383,0.389,0.398,0.381,0.393,0.414,0.413,0.413,0.426,0.428,0.433,0.422,0.451,0.474,0.462,0.429,0.425,0.429,0.431,0.441,0.456,0.461
Liberia,0.169362614,0.21528141,0.266860323,0.316568707,0.389428078,0.399056778,0.405302615,0.411453652,0.417514078,0.429378389,0.429378389,0.375,0.366,0.351,0.351,0.41,0.504,0.521,0.535,0.548,0.58,0.589,0.419,0.357,,,0.177,0.135,0.147,0.17,0.181,0.223,0.232,0.298,0.332,,,0.304,0.301,0.314,0.334,0.346,0.381,0.388
Libyan Arab Jamahiriya,0.353349636,0.385799997,0.46086317,0.541478307,0.620039714,0.677167489,0.686594967,0.695894739,0.70507186,0.723076764,0.723076764,0.632,0.703,0.754,0.795,0.825,0.843,0.847,0.85,0.854,0.864,0.867,,,,,,0.729,0.738,0.745,0.743,0.612,0.727,,,,,,0.746,0.753,0.76,0.764,0.725,0.769
Liechtenstein,,,,,,,,,,0.73617429,0.73617429,0.845,0.866,0.885,0.902,0.918,0.929,0.931,0.933,0.935,0.941,0.943,0.875,0.86,0.913,0.908,0.977,0.955,0.97,0.976,0.977,0.995,0.996,,,,,,,,,,0.883,0.883
Lithuania,,,0.689145157,0.693672556,0.79937933,0.869889613,0.871005278,0.87073124,0.872022985,0.873476151,0.873476151,0.799,0.81,0.801,0.789,0.81,0.814,0.813,0.812,0.813,0.824,0.829,,,0.713,0.616,0.67,0.73,0.741,0.753,0.759,0.752,0.757,,,0.732,0.696,0.756,0.802,0.806,0.81,0.813,0.814,0.818
Luxembourg,0.603061576,0.640304605,0.658475768,0.687375968,0.760909008,0.770485569,0.770831176,0.772586686,0.774158828,0.777649247,0.777649247,0.821,0.845,0.868,0.887,0.906,0.927,0.931,0.935,0.938,0.946,0.948,0.804,0.818,0.886,0.874,0.927,0.941,0.928,0.943,0.932,0.914,0.912,0.735,0.762,0.796,0.816,0.861,0.875,0.872,0.879,0.877,0.875,0.875
Madagascar,,,,,0.388970008,0.462285,0.467384124,0.4704137,0.478223259,0.489727939,0.489727939,0.445,0.461,0.485,0.55,0.626,0.696,0.707,0.716,0.723,0.737,0.74,0.376,0.331,0.339,0.301,0.323,0.318,0.32,0.325,0.332,0.313,0.312,,,,,0.428,0.467,0.472,0.478,0.486,0.483,0.483
Malawi,0.193135001,0.206449119,0.238897324,0.300843578,0.385027192,0.382071022,0.393384134,0.399690581,0.408761646,0.442634084,0.442634084,0.384,0.412,0.428,0.42,0.411,0.457,0.472,0.488,0.503,0.54,0.549,0.271,0.259,0.253,0.257,0.277,0.274,0.28,0.285,0.293,0.3,0.302,0.272,0.28,0.295,0.339,0.352,0.363,0.373,0.381,0.392,0.415,0.418
Malaysia,0.421808336,0.491089527,0.531643064,0.586350052,0.657963246,0.707498803,0.712184643,0.716839853,0.721465025,0.730627539,0.730627539,0.747,0.77,0.789,0.807,0.822,0.835,0.838,0.841,0.844,0.855,0.859,0.568,0.564,0.612,0.641,0.67,0.694,0.702,0.71,0.713,0.722,0.726,0.563,0.6,0.635,0.674,0.712,0.742,0.748,0.753,0.757,0.766,0.769
Maldives,,,0.440288865,0.410677444,0.476298302,0.527343935,0.535978346,0.544475848,0.552842753,0.569207724,0.569207724,0.515,0.589,0.645,0.714,0.794,0.857,0.866,0.873,0.88,0.897,0.901,,,,,0.55,0.579,0.603,0.616,0.631,0.637,0.637,,,,,0.592,0.639,0.653,0.663,0.674,0.687,0.688
Mali,0.059569433,0.066105263,0.079512226,0.106971388,0.15500591,0.210341953,0.218934698,0.23005922,0.237739891,0.257408444,0.257408444,0.309,0.35,0.382,0.406,0.431,0.457,0.464,0.47,0.476,0.496,0.502,0.295,0.255,0.28,0.276,0.296,0.316,0.316,0.327,0.323,0.328,0.316,0.176,0.182,0.204,0.231,0.27,0.312,0.318,0.328,0.332,0.347,0.344
Malta,0.624659768,0.64442831,0.677140715,0.684311252,0.723635553,0.788742227,0.790229933,0.780304832,0.785593427,0.81612032,0.81612032,0.836,0.854,0.872,0.889,0.905,0.92,0.923,0.926,0.93,0.941,0.944,0.697,0.677,0.737,0.735,0.788,0.783,0.786,0.791,0.797,0.79,0.791,0.713,0.72,0.757,0.771,0.801,0.827,0.83,0.829,0.834,0.846,0.847
Marshall Islands,,,,,,,,,,,,0.618,0.637,0.667,0.709,0.75,0.788,0.794,0.8,0.806,0.821,0.825,,,,,,,,,,,,,,,,,,,,,,
Mauritania,0.174213367,0.183534048,0.192889141,0.254030092,0.295388693,0.331300503,0.341348919,0.346549064,0.343979076,0.365917838,0.365917838,0.521,0.551,0.568,0.579,0.584,0.588,0.589,0.592,0.595,0.609,0.614,0.434,0.384,0.415,0.392,0.425,0.441,0.454,0.457,0.459,0.45,0.455,0.34,0.339,0.357,0.387,0.418,0.441,0.45,0.454,0.454,0.464,0.467
Mauritius,0.425943448,0.454234364,0.520140391,0.54460093,0.575625337,0.630537694,0.642186569,0.644805324,0.650979351,0.658692908,0.658692908,0.742,0.763,0.78,0.794,0.807,0.828,0.83,0.833,0.835,0.842,0.844,0.531,0.538,0.606,0.614,0.666,0.682,0.688,0.698,0.702,0.718,0.722,0.551,0.572,0.626,0.648,0.676,0.708,0.715,0.72,0.725,0.735,0.737
Mexico,0.430880284,0.494534086,0.518002683,0.56189466,0.629491829,0.669414384,0.67984132,0.691307482,0.703514529,0.721085883,0.721085883,0.735,0.77,0.802,0.833,0.857,0.876,0.88,0.884,0.888,0.898,0.901,0.679,0.657,0.675,0.652,0.701,0.706,0.712,0.715,0.715,0.714,0.718,0.598,0.629,0.654,0.674,0.723,0.745,0.752,0.758,0.764,0.773,0.775
Micronesia (Federated States of),,,,,,,,,,0.668857243,0.668857243,0.712,0.72,0.729,0.738,0.746,0.756,0.759,0.761,0.764,0.773,0.775,,,,0.499,0.508,0.512,0.513,0.51,0.504,0.51,0.518,,,,,,,,,,0.64,0.645
Moldova (Republic of),,,0.65133945,0.648407879,0.675531972,0.707745908,0.715250712,0.716245232,0.716303908,0.713813687,0.713813687,0.704,0.726,0.75,0.74,0.741,0.755,0.757,0.76,0.764,0.778,0.783,,,0.565,0.415,0.416,0.484,0.49,0.492,0.504,0.512,0.517,,,0.65,0.584,0.592,0.636,0.642,0.644,0.65,0.657,0.66
Monaco,,,,,,,,,,,,0.871,0.886,0.902,0.917,0.943,0.967,0.97,0.973,0.975,0.981,0.983,,,,,,,,,,,,,,,,,,,,,,
Mongolia,0.51154467,0.548184624,0.586055264,0.51314419,0.580690777,0.677071167,0.684165167,0.684803547,0.685441333,0.725787811,0.725787811,0.589,0.613,0.639,0.65,0.679,0.725,0.734,0.742,0.749,0.765,0.769,,0.434,0.469,0.417,0.456,0.492,0.503,0.514,0.523,0.538,0.553,,0.529,0.559,0.519,0.564,0.622,0.632,0.638,0.644,0.668,0.675
Montenegro,,,,,,0.77834663,0.791584271,0.806286446,0.819782603,0.837876709,0.837876709,0.846,0.859,0.876,0.882,0.866,0.853,0.852,0.852,0.853,0.861,0.864,,,,,0.636,0.653,0.666,0.68,0.69,0.687,0.687,,,,,,0.756,0.765,0.775,0.784,0.791,0.791
Morocco,0.186544761,0.229510709,0.254749393,0.299254344,0.355431347,0.418947414,0.423428953,0.433890963,0.438807433,0.44847871,0.44847871,0.595,0.651,0.696,0.735,0.768,0.795,0.8,0.805,0.81,0.823,0.827,0.462,0.447,0.48,0.46,0.494,0.523,0.533,0.535,0.541,0.555,0.558,0.371,0.406,0.44,0.466,0.512,0.558,0.565,0.571,0.577,0.589,0.591
Mozambique,0.130458272,0.122670145,0.116565119,0.118681948,0.152265738,0.197606788,0.204151201,0.214315218,0.216874014,0.221903105,0.221903105,0.36,0.358,0.367,0.402,0.431,0.443,0.447,0.452,0.457,0.477,0.485,0.219,0.161,0.195,0.185,0.23,0.272,0.272,0.283,0.289,0.318,0.325,0.217,0.192,0.202,0.206,0.247,0.287,0.291,0.301,0.306,0.322,0.327
Myanmar,0.212774398,0.257694009,0.266901907,0.306725359,0.327162177,0.354328164,0.359279561,0.386565571,0.391681482,0.401717897,0.401717897,0.553,0.561,0.588,0.633,0.661,0.677,0.681,0.685,0.691,0.713,0.721,0.189,0.202,0.182,0.206,0.259,0.344,0.362,0.377,0.391,0.422,0.428,0.281,0.307,0.305,0.34,0.382,0.435,0.445,0.464,0.472,0.494,0.498
Namibia,,,0.525446804,0.554652416,0.535467316,0.549194849,0.548080093,0.550240966,0.552393386,0.55667326,0.55667326,0.597,0.629,0.644,0.638,0.595,0.61,0.623,0.636,0.648,0.67,0.672,0.549,0.506,0.547,0.549,0.563,0.581,0.59,0.593,0.594,0.599,0.604,,0.539,0.569,0.587,0.564,0.579,0.586,0.592,0.597,0.606,0.608
Nauru,,,,,,,,,,,,0.813,0.838,0.868,0.896,0.919,0.933,0.935,0.937,0.939,0.945,0.947,,,,,,,,,,,,,,,,,,,,,,
Nepal,0.112916025,0.173973558,0.257615283,0.278307221,0.303334644,0.329646324,0.33556059,0.341372406,0.34708692,0.358242587,0.358242587,0.444,0.49,0.536,0.591,0.656,0.72,0.731,0.742,0.751,0.77,0.774,0.256,0.268,0.289,0.299,0.325,0.334,0.337,0.338,0.345,0.355,0.359,0.234,0.285,0.341,0.366,0.401,0.429,0.435,0.44,0.447,0.46,0.463
Netherlands,0.729554697,0.751063065,0.810931941,0.88145154,0.894661438,0.895792666,0.903537484,0.913017989,0.921802174,0.933875276,0.933875276,0.878,0.891,0.899,0.907,0.918,0.938,0.942,0.947,0.95,0.958,0.96,0.799,0.778,0.821,0.811,0.862,0.866,0.874,0.878,0.874,0.875,0.874,0.799,0.806,0.842,0.866,0.891,0.899,0.905,0.911,0.914,0.921,0.921
New Zealand,0.831274581,0.844807784,0.868353431,0.944314545,0.965523299,0.989184197,0.991356819,0.993524691,0.995687842,1.000000108,1.000000108,0.837,0.851,0.871,0.897,0.918,0.94,0.943,0.947,0.95,0.957,0.959,0.758,0.743,0.772,0.754,0.789,0.807,0.806,0.808,0.804,0.81,0.811,0.807,0.812,0.835,0.861,0.887,0.908,0.909,0.912,0.912,0.918,0.919
Nicaragua,0.337395199,0.345425397,0.367464793,0.410099422,0.427346617,0.497579367,0.503580309,0.509510578,0.515372613,0.526901065,0.526901065,0.607,0.642,0.697,0.747,0.784,0.82,0.827,0.833,0.838,0.852,0.856,0.481,0.448,0.43,0.398,0.444,0.46,0.466,0.469,0.471,0.475,0.478,0.461,0.463,0.479,0.495,0.529,0.572,0.578,0.583,0.588,0.597,0.599
Niger,0.057149162,0.06618313,0.080082897,0.091930271,0.110845019,0.145637392,0.150575562,0.155158724,0.162255241,0.177287839,0.177287839,0.308,0.317,0.338,0.386,0.446,0.499,0.509,0.517,0.526,0.547,0.553,0.328,0.274,0.286,0.253,0.261,0.267,0.269,0.27,0.277,0.272,0.287,0.179,0.178,0.198,0.208,0.234,0.269,0.274,0.278,0.287,0.297,0.304
Nigeria,,,,,,0.444794347,0.447349954,0.449891043,0.45241786,0.457429622,0.457429622,0.402,0.409,0.404,0.396,0.415,0.458,0.466,0.473,0.481,0.503,0.51,0.407,0.359,0.376,0.366,0.377,0.404,0.422,0.423,0.429,0.444,0.45,,,,,,0.434,0.444,0.448,0.453,0.467,0.471
Norway,0.726308021,0.76406907,0.819927338,0.878256405,0.947323007,0.994487746,0.996123652,0.993975869,0.987443241,0.990186842,0.990186842,0.877,0.883,0.891,0.91,0.926,0.944,0.948,0.951,0.955,0.964,0.966,0.817,0.815,0.849,0.847,0.896,0.911,0.913,0.915,0.913,0.911,0.913,0.804,0.819,0.852,0.876,0.922,0.948,0.951,0.952,0.95,0.953,0.955
Occupied Palestinian Territory,,,,,,,,,,0.693858268,0.693858268,0.674,0.724,0.758,0.784,0.803,0.816,0.819,0.822,0.825,0.833,0.836,0.459,0.446,0.486,0.483,0.518,0.487,0.494,0.483,0.48,0.513,0.519,,,,,,,,,,0.666,0.67
Oman,,,,,,,,,0.533306045,0.57645717,0.57645717,0.643,0.726,0.798,0.834,0.851,0.843,0.838,0.835,0.832,0.836,0.839,0.671,0.724,0.732,0.735,0.769,0.785,0.791,0.797,0.806,0.807,0.81,,,,,,,,,0.709,0.729,0.731
Pakistan,0.168798332,0.19714387,0.210699341,0.232254132,0.252241691,0.359976374,0.361685422,0.378703964,0.384949989,0.396740189,0.396740189,0.597,0.621,0.642,0.663,0.68,0.695,0.698,0.702,0.705,0.717,0.721,0.381,0.395,0.417,0.421,0.429,0.456,0.461,0.467,0.467,0.477,0.479,0.337,0.384,0.383,0.42,0.419,0.485,0.488,0.498,0.502,0.513,0.515
Palau,,,0.791339285,0.813876672,0.831995247,0.860839404,0.860839404,0.860839404,0.860839404,0.860839404,0.860839404,0.618,0.638,0.667,0.709,0.75,0.785,0.791,0.797,0.802,0.817,0.822,,,,0.699,0.72,0.722,0.723,0.725,0.687,0.691,0.7,,,,,0.765,0.786,0.789,0.792,0.779,0.786,0.791
Panama,0.541377662,0.574306276,0.599354918,0.642601917,0.69559319,0.730411919,0.733897299,0.733430325,0.73587443,0.740984252,0.740984252,0.787,0.809,0.825,0.84,0.855,0.869,0.872,0.874,0.877,0.885,0.888,0.601,0.603,0.599,0.605,0.641,0.656,0.665,0.681,0.692,0.715,0.724,0.634,0.654,0.666,0.689,0.724,0.746,0.752,0.758,0.764,0.776,0.78
Papua New Guinea,0.151631658,0.180958146,0.216302963,0.250864098,0.274189005,0.295446085,,,,0.31758816,0.31758816,0.517,0.547,0.561,0.588,0.611,0.639,0.645,0.651,0.657,0.675,0.681,0.434,0.411,0.411,0.437,0.429,0.42,0.414,0.437,0.444,0.461,0.468,0.324,0.347,0.368,0.406,0.415,0.429,,,,0.462,0.466
Paraguay,0.410986144,0.446198001,0.466938544,0.516564102,0.556112907,0.606370421,0.613659179,0.61386044,0.624208343,0.643055556,0.643055556,0.737,0.745,0.757,0.771,0.789,0.808,0.812,0.815,0.818,0.828,0.831,0.548,0.519,0.548,0.54,0.537,0.54,0.543,0.549,0.555,0.567,0.562,0.549,0.557,0.578,0.601,0.617,0.641,0.646,0.65,0.656,0.67,0.669
Peru,0.516828473,0.557337532,0.594332222,0.632183951,0.668730684,0.684553635,0.691586813,0.695779046,0.69994617,0.712961948,0.712961948,0.631,0.678,0.719,0.757,0.796,0.828,0.832,0.837,0.841,0.852,0.855,0.599,0.565,0.557,0.562,0.589,0.605,0.619,0.631,0.64,0.663,0.669,0.58,0.597,0.619,0.644,0.679,0.699,0.708,0.716,0.722,0.738,0.741
Philippines,0.529328466,0.56173128,0.581060402,0.600963567,0.635488118,0.664796877,0.662977159,0.665321785,0.674201731,0.678895716,0.678895716,0.681,0.697,0.712,0.726,0.738,0.748,0.75,0.753,0.757,0.769,0.773,0.491,0.433,0.476,0.457,0.486,0.504,0.508,0.516,0.52,0.531,0.535,0.561,0.552,0.581,0.586,0.61,0.63,0.632,0.636,0.642,0.651,0.654
Poland,0.639479281,0.66391688,0.677559592,0.72693608,0.792355379,0.808725441,0.810469151,0.811780848,0.81286657,0.818541657,0.818541657,0.802,0.804,0.803,0.817,0.847,0.869,0.872,0.875,0.877,0.885,0.888,,,,0.642,0.703,0.724,0.732,0.74,0.75,0.761,0.765,,,,0.727,0.778,0.798,0.802,0.806,0.811,0.819,0.821
Portugal,0.471916544,0.508390886,0.568920307,0.653574111,0.685347094,0.699596985,0.704125936,0.717605792,0.728819087,0.741479172,0.741479172,0.809,0.839,0.856,0.871,0.892,0.914,0.919,0.923,0.927,0.938,0.942,0.703,0.68,0.75,0.74,0.787,0.79,0.789,0.792,0.791,0.786,0.781,0.644,0.67,0.714,0.751,0.783,0.796,0.798,0.806,0.811,0.817,0.816
Qatar,0.489861107,0.530285166,0.536231651,0.592384584,0.605256646,0.648950272,0.651196227,0.653434463,0.625194811,0.62943817,0.62943817,0.806,0.831,0.853,0.872,0.889,0.906,0.909,0.911,0.914,0.921,0.923,0.986,0.89,0.898,0.87,0.958,0.969,0.977,0.974,0.973,0.997,1,0.729,0.728,0.743,0.76,0.801,0.828,0.832,0.833,0.822,0.832,0.834
Romania,0.63423891,0.671904029,0.703603659,0.682723649,0.721678478,0.782977735,0.790357795,0.800894822,0.8161096,0.820676348,0.820676348,0.782,0.783,0.779,0.779,0.796,0.826,0.831,0.836,0.84,0.851,0.855,,,0.644,0.612,0.623,0.669,0.678,0.69,0.703,0.692,0.694,,,0.706,0.687,0.709,0.756,0.763,0.772,0.784,0.784,0.786
Russian Federation,0.621239519,0.661997471,0.720363444,0.722721443,0.782403662,0.839415677,0.841681208,0.847924594,0.85342225,0.862074399,0.862074399,0.75,0.764,0.758,0.726,0.71,0.727,0.736,0.745,0.753,0.77,0.774,,,0.714,0.624,0.654,0.701,0.713,0.726,0.734,0.728,0.734,,,0.73,0.675,0.713,0.753,0.761,0.77,0.778,0.784,0.788
Rwanda,0.154782881,0.191768885,0.214505191,0.227207208,0.267723864,0.337517992,0.357245409,0.370611584,0.377285397,0.403331578,0.403331578,0.445,0.463,0.202,0.165,0.419,0.509,0.521,0.532,0.54,0.559,0.564,0.31,0.295,0.291,0.261,0.277,0.312,0.321,0.327,0.338,0.352,0.36,0.277,0.3,0.233,0.217,0.314,0.377,0.391,0.4,0.409,0.429,0.434
Saint Kitts and Nevis,,,,,,,,,,0.692977055,0.692977055,0.71,0.726,0.746,0.767,0.792,0.815,0.819,0.823,0.827,0.838,0.841,0.59,0.577,0.674,0.66,0.719,0.729,0.737,0.729,0.733,0.715,0.712,,,,,,,,,,0.745,0.745
Saint Lucia,,,,,,,,,,0.68335217,0.68335217,0.774,0.797,0.803,0.81,0.815,0.837,0.842,0.847,0.852,0.862,0.865,0.552,0.538,0.623,0.613,0.648,0.651,0.662,0.66,0.666,0.646,0.646,,,,,,,,,,0.724,0.725
Saint Vincent and the Grenadines,,,,,,,,,,0.712502807,0.712502807,0.723,0.753,0.777,0.789,0.795,0.806,0.809,0.812,0.816,0.825,0.827,0.514,0.5,0.584,0.545,0.63,0.654,0.669,0.675,0.673,0.669,0.67,,,,,,,,,,0.732,0.733
Samoa,,,,,0.744687952,0.771972886,0.771819689,0.771819689,0.771819689,0.771972886,0.771819673,0.63,0.669,0.708,0.746,0.778,0.802,0.807,0.811,0.815,0.827,0.831,,0.48,0.539,0.464,0.505,0.529,0.529,0.539,0.536,0.54,0.542,,,,,0.663,0.689,0.69,0.695,0.695,0.701,0.702
San Marino,,,,,,,,,,,,0.894,0.909,0.925,0.941,0.955,0.965,0.967,0.968,0.97,0.975,0.976,,,,,,,,,,,,,,,,,,,,,,
Sao Tome and Principe,,,,,0.394205153,0.438358337,0.437201521,0.452776314,0.460217238,0.473827592,0.473827592,0.623,0.634,0.646,0.658,0.669,0.682,0.686,0.689,0.693,0.705,0.708,,,,,,0.389,0.401,0.41,0.417,0.428,0.432,,,,,,0.488,0.493,0.503,0.51,0.522,0.525
Saudi Arabia,0.331805447,0.395210088,0.463141152,0.520448377,0.580943763,0.642311625,0.647085927,0.658160029,0.668749879,0.703222423,0.703222423,0.666,0.725,0.767,0.792,0.809,0.829,0.832,0.836,0.84,0.85,0.854,0.861,0.776,0.787,0.759,0.785,0.788,0.789,0.786,0.789,0.795,0.8,0.575,0.668,0.653,0.71,0.717,0.748,0.751,0.756,0.762,0.78,0.782
Senegal,0.195653762,0.227177824,0.24201834,0.253612901,0.295163442,0.352228436,0.359107932,0.37433877,0.385458776,0.402219071,0.402219071,0.431,0.49,0.524,0.542,0.564,0.59,0.595,0.6,0.605,0.62,0.625,0.398,0.379,0.392,0.372,0.4,0.414,0.414,0.418,0.42,0.42,0.414,0.322,0.347,0.368,0.378,0.405,0.441,0.445,0.454,0.461,0.471,0.47
Serbia,,,0.697094675,0.726019626,0.747559045,0.766568719,,0.774717001,0.78158775,0.786809841,0.786809841,0.793,0.799,0.813,0.82,0.831,0.846,0.848,0.851,0.853,0.86,0.862,,,,,0.616,0.654,0.66,0.667,0.672,0.673,0.673,,,,,0.726,0.751,,0.76,0.765,0.769,0.769
Seychelles,,,,,0.743720116,0.757708694,0.757708694,0.764882204,0.772763009,0.772763009,0.772763009,0.754,0.777,0.794,0.805,0.817,0.829,0.832,0.834,0.837,0.845,0.848,0.693,0.665,0.725,0.707,0.766,0.76,0.77,0.78,0.774,0.798,0.8,,,,,0.774,0.781,0.785,0.792,0.793,0.804,0.806
Sierra Leone,0.148481806,0.18612741,0.190220646,0.205711416,0.224986977,0.307212819,0.311003113,0.314747767,0.318448391,0.325723531,0.325723531,0.364,0.361,0.296,0.272,0.312,0.383,0.396,0.407,0.417,0.438,0.444,0.306,0.276,0.27,0.231,0.207,0.267,0.274,0.283,0.287,0.297,0.321,0.255,0.262,0.247,0.239,0.244,0.315,0.323,0.331,0.336,0.348,0.359
Singapore,,,0.607137226,0.660054189,0.697386107,0.734576594,,,,0.803893675,0.803893675,0.814,0.838,0.877,0.907,0.926,0.947,0.951,0.954,0.957,0.964,0.966,0.733,0.746,0.815,0.827,0.876,0.893,0.905,0.912,0.915,0.924,0.925,,,0.756,,0.826,0.852,,,,0.894,0.895
Slovakia,,,0.744566752,0.771056211,0.806744667,0.847246829,0.85307921,0.861443718,0.86547088,0.869523004,0.869523004,0.797,0.801,0.808,0.823,0.841,0.856,0.859,0.862,0.865,0.875,0.878,,,0.715,0.667,0.715,0.747,0.758,0.772,0.775,0.776,0.78,,,0.754,0.752,0.785,0.814,0.821,0.83,0.833,0.838,0.84
Slovenia,,0.722595639,0.771518649,0.797063828,0.869445663,0.922120833,0.92659361,0.929650449,0.932326629,0.936324137,0.936324137,0.805,0.816,0.837,0.857,0.881,0.91,0.916,0.921,0.926,0.936,0.938,,,,0.727,0.781,0.805,0.812,0.82,0.823,0.812,0.809,,,,0.759,0.842,0.876,0.882,0.888,0.892,0.892,0.892
Solomon Islands,,,,,0.371216614,0.413141667,0.427227008,0.431140857,0.431140857,0.431140857,0.431140857,0.612,0.586,0.578,0.626,0.675,0.717,0.723,0.73,0.736,0.755,0.761,,,0.41,0.414,0.461,0.448,0.455,0.455,0.447,0.447,0.454,,,,,0.486,0.51,0.52,0.522,0.521,0.526,0.53
Somalia,,,,,,,,,,,,0.361,0.399,0.387,0.39,0.447,0.471,0.474,0.477,0.48,0.492,0.497,,,,,,,,,,,,,,,,,,,,,,
South Africa,0.486607443,0.4863838,0.57242031,0.690513623,0.689175471,0.688326048,0.69144579,0.694551518,0.697643422,0.704920279,0.704920279,0.582,0.628,0.655,0.629,0.549,0.491,0.489,0.491,0.495,0.517,0.526,0.654,0.625,0.641,0.615,0.637,0.654,0.661,0.665,0.669,0.672,0.674,0.57,0.576,0.621,0.644,0.622,0.604,0.606,0.609,0.613,0.625,0.629
Spain,0.528672168,0.569828327,0.616964874,0.734648001,0.801857925,0.829337206,0.836482732,0.845100665,0.855226547,0.870646634,0.870646634,0.869,0.89,0.9,0.913,0.932,0.947,0.95,0.953,0.957,0.969,0.972,0.742,0.726,0.779,0.765,0.815,0.826,0.83,0.831,0.83,0.823,0.821,0.698,0.717,0.756,0.801,0.847,0.865,0.87,0.874,0.878,0.885,0.885
Sri Lanka,0.560268544,0.597024854,0.65047181,0.676552165,0.696127503,0.713830226,0.715755827,0.717676262,0.719591572,0.723406978,0.723406978,0.759,0.776,0.781,0.775,0.803,0.851,0.855,0.857,0.859,0.867,0.87,0.407,0.415,0.443,0.459,0.499,0.525,0.534,0.543,0.548,0.574,0.582,0.557,0.561,0.608,0.604,0.653,0.683,0.688,0.693,0.697,0.711,0.715
Sudan,0.12144351,0.13591068,0.161635914,0.185203673,0.219937266,0.236846068,0.23951218,0.242148939,0.244757295,0.249892341,0.249892341,0.462,0.488,0.513,0.541,0.583,0.624,0.629,0.634,0.639,0.654,0.659,0.347,0.309,0.331,0.334,0.376,0.403,0.413,0.42,0.426,0.452,0.431,0.269,0.273,0.301,0.326,0.364,0.39,0.396,0.401,0.405,0.419,0.414
Suriname,,,,,,0.636177318,0.636351007,0.630782729,0.630782729,0.630782729,0.630782729,0.723,0.74,0.748,0.753,0.755,0.77,0.774,0.78,0.785,0.798,0.801,0.587,0.582,0.585,0.559,0.576,0.604,0.609,0.618,0.623,0.63,0.634,,,,,,0.666,0.669,0.672,0.675,0.681,0.684
Swaziland,0.367359362,0.414484393,0.444452767,0.482905239,0.497305285,0.537943882,0.557073563,0.569585775,0.574170897,0.583233013,0.583233013,0.541,0.591,0.622,0.575,0.453,0.408,0.414,0.423,0.432,0.453,0.456,,,0.548,0.519,0.563,0.584,0.58,0.586,0.586,0.584,0.581,,,0.533,0.523,0.502,0.504,0.511,0.52,0.525,0.536,0.536
Sweden,0.721117489,0.728381213,0.758141224,0.861005446,0.937480272,0.909769682,0.908247757,0.90540467,0.906481718,0.912851775,0.912851775,0.881,0.896,0.909,0.926,0.941,0.954,0.956,0.959,0.962,0.969,0.971,0.786,0.772,0.811,0.785,0.836,0.856,0.862,0.867,0.867,0.868,0.87,0.792,0.796,0.823,0.855,0.903,0.905,0.907,0.909,0.91,0.915,0.916
Switzerland,0.743005978,0.738807579,0.759166536,0.791739461,0.832149872,0.852143933,0.856150823,0.858909167,0.862015792,0.873491641,0.873491641,0.878,0.894,0.909,0.924,0.945,0.967,0.97,0.973,0.976,0.983,0.985,0.841,0.823,0.862,0.83,0.874,0.881,0.883,0.878,0.867,0.886,0.886,0.818,0.817,0.84,0.846,0.882,0.898,0.901,0.901,0.9,0.912,0.913
Syrian Arab Republic,0.331070904,0.393673989,0.434099759,0.444083146,0.471298442,0.500142822,0.499864803,0.499586629,0.4993083,0.543559972,0.543559972,0.729,0.77,0.806,0.834,0.853,0.867,0.869,0.872,0.874,0.881,0.883,0.522,0.502,0.496,0.521,0.528,0.545,0.55,0.556,0.559,0.565,0.568,0.501,0.533,0.557,0.571,0.596,0.618,0.62,0.623,0.624,0.646,0.648
Tajikistan,,,0.690037661,0.666533474,0.658416223,0.699337186,0.703021132,0.700106389,0.709970449,0.70974747,0.70974747,0.668,0.684,0.677,0.667,0.687,0.717,0.723,0.729,0.735,0.75,0.754,,,0.5,0.331,0.328,0.395,0.368,0.397,0.425,0.444,0.451,,,0.615,0.528,0.529,0.582,0.571,0.587,0.605,0.618,0.622
Tanzania (United Republic of),0.281035435,0.288886877,0.295159321,0.313837441,0.330573896,0.337483599,0.339940934,0.342380632,0.344803068,0.454111416,0.454111416,0.481,0.492,0.483,0.467,0.48,0.527,0.539,0.552,0.565,0.603,0.614,,,0.31,0.295,0.317,0.347,0.353,0.36,0.367,0.381,0.388,,,0.353,0.351,0.369,0.395,0.401,0.408,0.414,0.47,0.476
Thailand,0.360939156,0.398106587,0.413066978,0.460275252,0.502029182,0.566589156,0.571579241,0.585963757,0.588338276,0.598540311,0.598540311,0.718,0.79,0.828,0.824,0.828,0.839,0.842,0.844,0.846,0.854,0.856,0.456,0.466,0.54,0.575,0.589,0.613,0.62,0.627,0.629,0.635,0.642,0.49,0.528,0.569,0.603,0.625,0.662,0.668,0.676,0.679,0.686,0.69
The former Yugoslav Republic of Macedonia,,,,,,0.663030318,0.663030318,0.669512095,0.694777052,0.697498306,0.697498306,0.783,0.791,0.81,0.823,0.835,0.848,0.851,0.854,0.857,0.865,0.868,,,0.654,0.594,0.632,0.642,0.651,0.653,0.665,0.669,0.67,,,,,,0.711,0.715,0.719,0.734,0.738,0.74
Timor-Leste,,,,,0.350206305,0.367235802,0.388688338,0.409017254,0.428382544,0.479855209,0.479855209,0.231,0.343,0.406,0.493,0.571,0.625,0.633,0.641,0.648,0.67,0.677,,,,0.325,0.366,0.429,0.486,0.534,0.592,0.58,0.59,,,,,0.418,0.461,0.492,0.519,0.547,0.571,0.576
Togo,0.269799919,0.270399652,0.323046518,0.382924581,0.437573483,0.475355917,0.490179001,0.484172667,0.488747689,0.497771603,0.497771603,0.468,0.496,0.521,0.538,0.55,0.557,0.559,0.562,0.566,0.585,0.592,0.361,0.304,0.331,0.287,0.323,0.314,0.318,0.319,0.32,0.325,0.329,0.357,0.341,0.382,0.384,0.426,0.436,0.443,0.442,0.445,0.455,0.459
Tonga,0.669168601,0.680680005,0.715626208,0.756543173,0.756339275,0.782225943,0.78050468,0.782894402,0.785276851,0.790020196,0.790020196,0.749,0.768,0.782,0.791,0.801,0.812,0.815,0.817,0.819,0.825,0.827,,0.496,0.506,0.514,0.541,0.55,0.551,0.55,0.552,0.549,0.55,,0.637,0.656,0.672,0.689,0.704,0.704,0.705,0.708,0.709,0.71
Trinidad and Tobago,0.574710879,0.592230043,0.615216404,0.620155359,0.648026503,0.681457874,0.684790508,0.688107001,0.691407587,0.697961935,0.697961935,0.745,0.76,0.771,0.773,0.764,0.769,0.772,0.776,0.78,0.791,0.794,0.735,0.685,0.68,0.662,0.717,0.779,0.793,0.8,0.805,0.795,0.796,0.68,0.675,0.685,0.684,0.707,0.741,0.748,0.752,0.757,0.759,0.76
Tunisia,0.270176188,0.334537491,0.396397814,0.462848983,0.533430682,0.597629354,0.608976126,0.618832524,0.630348356,0.646203197,0.646203197,0.663,0.72,0.767,0.808,0.829,0.844,0.846,0.849,0.852,0.86,0.863,0.541,0.519,0.557,0.535,0.6,0.623,0.631,0.637,0.642,0.646,0.649,0.459,0.5,0.553,0.585,0.642,0.679,0.687,0.694,0.7,0.71,0.712
Turkey,0.307656646,0.382875352,0.421351083,0.449385437,0.511284092,0.560109934,0.574162618,0.584505175,0.587924251,0.608191918,0.608191918,0.576,0.633,0.679,0.727,0.78,0.822,0.828,0.833,0.838,0.851,0.855,0.601,0.594,0.646,0.631,0.675,0.698,0.706,0.711,0.71,0.722,0.726,0.474,0.518,0.569,0.588,0.645,0.684,0.694,0.702,0.704,0.72,0.722
Turkmenistan,,,,,,,,,,0.743075309,0.743075309,0.646,0.668,0.674,0.679,0.693,0.701,0.702,0.703,0.704,0.71,0.712,,,,0.434,0.455,0.56,0.575,0.59,0.609,0.634,0.643,,,,,,,,,,0.693,0.698
Tuvalu,,,,,,,,,,,,0.566,0.606,0.65,0.677,0.69,0.713,0.718,0.724,0.729,0.744,0.749,,,,,,,,,,,,,,,,,,,,,,
Uganda,0.181138169,0.237878597,0.262571291,0.287690411,0.429376711,0.444568358,0.448542744,0.456186699,0.468738537,0.481700056,0.481700056,0.475,0.468,0.431,0.392,0.412,0.476,0.489,0.501,0.512,0.538,0.544,,0.226,0.253,0.26,0.298,0.321,0.332,0.341,0.348,0.362,0.363,,0.294,0.306,0.321,0.375,0.408,0.417,0.427,0.437,0.454,0.456
Ukraine,0.626950474,0.668872854,0.711710584,0.740010343,0.774703079,0.838638583,0.844903726,0.851484926,0.85606346,0.860128197,0.860128197,0.778,0.792,0.786,0.756,0.747,0.749,0.749,0.75,0.753,0.765,0.77,,,0.651,0.522,0.528,0.592,0.603,0.615,0.62,0.609,0.615,,,0.714,0.665,0.673,0.718,0.725,0.732,0.736,0.737,0.74
United Arab Emirates,0.368329756,0.439368786,0.513104722,0.583140721,0.646215874,0.683237742,0.683891171,0.684543976,0.68519616,0.686498668,0.686498668,0.76,0.791,0.817,0.838,0.858,0.875,0.878,0.881,0.884,0.892,0.894,,0.896,,0.868,,0.963,0.957,0.942,0.923,0.893,0.894,,0.652,,0.724,,0.831,0.831,0.827,0.823,0.817,0.818
United Kingdom,0.655597997,0.66951605,0.692268691,0.721157161,0.783027365,0.814056742,0.804765281,0.805357205,0.814042472,0.827923455,0.827923455,0.844,0.861,0.877,0.893,0.91,0.931,0.934,0.938,0.941,0.949,0.951,0.76,0.759,0.796,0.792,0.837,0.857,0.859,0.864,0.862,0.856,0.854,0.748,0.759,0.784,0.816,0.841,0.865,0.864,0.867,0.87,0.875,0.875
United States,0.864307663,0.883349502,0.916144804,0.948462086,0.944213375,0.970463437,0.973102758,0.978575326,0.983584947,0.994138805,0.994138805,0.851,0.861,0.871,0.884,0.896,0.908,0.911,0.913,0.916,0.923,0.926,0.817,0.809,0.85,0.834,0.885,0.896,0.899,0.899,0.897,0.895,0.897,0.843,0.853,0.878,0.883,0.907,0.923,0.926,0.929,0.931,0.936,0.937
Uruguay,0.581097658,0.60303899,0.6405785,0.647359091,0.701962824,0.699222166,0.74084858,0.753609778,0.75410984,0.764052194,0.764052194,0.792,0.813,0.828,0.845,0.863,0.881,0.884,0.887,0.89,0.899,0.902,0.638,0.581,0.628,0.635,0.674,0.671,0.677,0.686,0.695,0.718,0.722,0.664,0.66,0.693,0.705,0.741,0.744,0.762,0.771,0.775,0.789,0.792
Uzbekistan,,,,,,0.714830977,0.714422966,0.716668007,0.712365442,0.716073681,0.716073681,0.717,0.741,0.739,0.732,0.741,0.745,0.746,0.748,0.751,0.762,0.766,,,,0.382,0.41,0.442,0.45,0.468,0.481,0.503,0.512,,,,,,0.617,0.621,0.63,0.636,0.649,0.654
Vanuatu,,,,,,,,,,0.560090706,0.560090706,0.605,0.645,0.679,0.715,0.748,0.776,0.781,0.786,0.791,0.805,0.809,0.466,0.513,0.526,0.5,0.53,0.515,0.524,0.529,0.541,0.543,0.543,,,,,,,,,,0.625,0.626
Venezuela (Bolivarian Republic of),0.466561984,0.486871545,0.475977534,0.50626313,0.524107168,0.589570257,0.599366433,0.609005053,0.672803357,0.696913609,0.696913609,0.76,0.784,0.805,0.817,0.827,0.839,0.842,0.846,0.849,0.858,0.861,0.702,0.647,0.671,0.658,0.671,0.676,0.689,0.702,0.705,0.695,0.7,0.629,0.627,0.635,0.646,0.662,0.694,0.703,0.712,0.738,0.746,0.748
Viet Nam,0.405307378,0.413080517,0.373825003,0.384149894,0.45557602,0.492877551,0.500851936,0.512398656,0.519968301,0.539219071,0.539219071,0.563,0.649,0.719,0.781,0.821,0.849,0.853,0.856,0.86,0.87,0.874,,,0.315,0.355,0.407,0.451,0.46,0.47,0.477,0.495,0.501,,,0.439,0.486,0.534,0.573,0.581,0.59,0.597,0.614,0.617
Yemen,,,0.096277906,0.142051364,0.194500223,0.263375436,0.273611327,0.283477859,0.293012345,0.311206218,0.311206218,0.456,0.53,0.571,0.59,0.626,0.673,0.681,0.689,0.697,0.718,0.724,,,0.427,0.398,0.439,0.444,0.449,0.449,0.449,0.436,0.428,,,0.286,0.322,0.376,0.428,0.437,0.444,0.45,0.459,0.458
Zambia,0.336357494,0.37164332,0.406241618,0.462565951,0.456891021,0.473860728,0.47632444,0.478775475,0.481214025,0.503278436,0.503278436,0.505,0.492,0.434,0.371,0.347,0.386,0.4,0.414,0.428,0.458,0.464,0.392,0.351,0.359,0.318,0.337,0.349,0.349,0.352,0.361,0.379,0.385,0.405,0.405,0.398,0.379,0.376,0.399,0.405,0.411,0.42,0.443,0.448
Zimbabwe,0.306468174,0.450153014,0.451262453,0.499190407,0.514764035,0.550982856,0.555050406,0.559088364,0.563097367,0.571030941,0.571030941,0.618,0.654,0.64,0.523,0.389,0.378,0.391,0.409,0.429,0.495,0.516,0.261,0.26,0.27,0.257,0.266,0.209,0.203,0.196,0.171,0.206,0.213,0.367,0.425,0.427,0.405,0.376,0.352,0.353,0.355,0.345,0.387,0.397
Very high human development,0.707010377,0.733198751,0.770099637,0.820941199,0.855266039,0.889968744,0.893298574,0.897694749,0.9023864,0.913152293,0.913271599,0.843,0.861,0.876,0.892,0.91,0.929,0.932,0.935,0.938,0.946,0.948,0.778,0.769,0.812,0.794,0.839,0.852,0.856,0.858,0.857,0.857,0.858,0.773,0.786,0.817,0.834,0.867,0.889,0.892,0.896,0.898,0.904,0.905
High human development,0.491022875,0.533749703,0.573899608,0.611926948,0.661441582,0.70092071,0.709951913,0.714956885,0.724612973,0.739939764,0.739286366,0.706,0.728,0.754,0.769,0.788,0.811,0.815,0.82,0.825,0.838,0.842,0.642,0.619,0.655,0.62,0.647,0.673,0.68,0.689,0.693,0.696,0.7,0.605,0.63,0.656,0.662,0.695,0.725,0.732,0.738,0.745,0.755,0.758
Medium human development,0.329337938,0.360792603,0.397625114,0.439041682,0.47509121,0.523724027,0.533011552,0.543622157,0.553477906,0.56624605,0.565983079,0.652,0.68,0.702,0.722,0.739,0.757,0.761,0.765,0.77,0.783,0.787,0.344,0.366,0.4,0.431,0.472,0.517,0.53,0.544,0.553,0.582,0.59,0.419,0.45,0.481,0.517,0.549,0.589,0.599,0.609,0.617,0.636,0.64
Low human development,0.188875297,0.223262814,0.243052039,0.269245444,0.299584828,0.356458011,0.363176308,0.376941065,0.384520927,0.400277751,0.400313472,0.475,0.496,0.511,0.522,0.541,0.572,0.578,0.585,0.592,0.61,0.616,0.349,0.328,0.346,0.332,0.352,0.376,0.385,0.392,0.396,0.409,0.412,0.315,0.334,0.35,0.363,0.385,0.424,0.432,0.442,0.448,0.464,0.466
Arab States (RB),0.251,0.306,0.347,0.391,0.439,0.486,0.494,0.502,0.508,0.519,0.519,0.582,0.63,0.681,0.718,0.75,0.773,0.777,0.781,0.784,0.797,0.797,0.597,0.579,0.581,0.578,0.586,0.602,0.61,0.618,0.626,0.637,0.637,0.444,0.481,0.516,0.545,0.578,0.609,0.617,0.623,0.629,0.641,0.641
Europe and Central Asia (RB),0.598,0.632,0.654,0.668,0.712,0.752,0.755,0.759,0.762,0.763,0.763,0.744,0.759,0.76,0.752,0.761,0.781,0.786,0.791,0.796,0.809,0.809,0.599,0.613,0.633,0.604,0.619,0.657,0.667,0.676,0.682,0.686,0.686,0.644,0.665,0.68,0.672,0.695,0.728,0.734,0.741,0.745,0.751,0.751
East Asia and the Pacific (RB),0.372,0.4,0.432,0.478,0.529,0.57,0.578,0.589,0.598,0.611,0.611,0.707,0.734,0.756,0.773,0.788,0.805,0.808,0.812,0.816,0.827,0.827,0.299,0.337,0.378,0.435,0.472,0.524,0.538,0.554,0.565,0.597,0.597,0.428,0.463,0.498,0.544,0.581,0.622,0.631,0.642,0.651,0.671,0.671
South Asia (RB),0.231,0.273,0.31,0.341,0.363,0.417,0.425,0.435,0.44,0.45,0.45,0.555,0.581,0.611,0.638,0.666,0.693,0.699,0.704,0.709,0.724,0.724,0.352,0.371,0.384,0.403,0.425,0.458,0.467,0.478,0.481,0.507,0.507,0.356,0.389,0.418,0.444,0.468,0.51,0.518,0.527,0.532,0.548,0.548
Latin America and the Caribbean (RB),0.457,0.5,0.528,0.567,0.615,0.654,0.66,0.667,0.676,0.687,0.687,0.7,0.731,0.76,0.788,0.813,0.834,0.838,0.842,0.846,0.858,0.858,0.618,0.602,0.605,0.616,0.627,0.637,0.643,0.65,0.654,0.661,0.661,0.582,0.604,0.624,0.65,0.68,0.703,0.708,0.715,0.72,0.731,0.731
Sub-Saharan Africa (RB),0.251,0.283,0.306,0.348,0.359,0.401,0.407,0.416,0.423,0.428,0.428,0.444,0.462,0.466,0.461,0.465,0.494,0.502,0.511,0.519,0.543,0.543,0.435,0.401,0.395,0.384,0.387,0.403,0.411,0.415,0.419,0.427,0.427,0.365,0.374,0.383,0.395,0.401,0.431,0.438,0.445,0.451,0.463,0.463
Least developed countries,0.183,0.208,0.232,0.262,0.291,0.335,0.344,0.352,0.36,0.369,0.369,0.45,0.475,0.493,0.513,0.543,0.578,0.585,0.592,0.598,0.617,0.617,0.291,0.279,0.287,0.286,0.303,0.332,0.341,0.35,0.356,0.37,0.37,0.288,0.302,0.32,0.338,0.363,0.401,0.409,0.418,0.425,0.439,0.439
SIDS,0.431,0.471,0.505,0.523,0.549,0.574,0.579,0.586,0.59,0.592,0.592,0.671,0.691,0.706,0.724,0.741,0.76,0.764,0.768,0.772,0.783,0.783,0.512,0.509,0.506,0.5,0.519,0.536,0.546,0.556,0.559,0.566,0.566,0.529,0.549,0.565,0.574,0.596,0.616,0.623,0.63,0.634,0.64,0.64
World,0.439,0.465,0.489,0.52,0.55,0.59,0.591,0.599,0.604,0.61,0.61,0.677,0.698,0.715,0.728,0.744,0.762,0.766,0.77,0.774,0.786,0.786,0.585,0.588,0.6,0.607,0.624,0.64,0.646,0.651,0.653,0.661,0.661,0.558,0.576,0.594,0.613,0.634,0.66,0.664,0.67,0.674,0.682,0.682
